{"version":6,"validation":{"int8":{"confusion_matrix":[[74,4,1,3,2,1],[0,89,5,3,0,0],[1,3,113,0,1,0],[1,0,1,64,1,0],[1,4,0,0,59,6],[3,0,0,1,1,53]],"classification_report":{"0":{"precision":0.925,"recall":0.8705882352941177,"f1-score":0.896969696969697,"support":85},"1":{"precision":0.89,"recall":0.9175257731958762,"f1-score":0.9035532994923858,"support":97},"2":{"precision":0.9416666666666667,"recall":0.9576271186440678,"f1-score":0.9495798319327732,"support":118},"3":{"precision":0.9014084507042254,"recall":0.9552238805970149,"f1-score":0.927536231884058,"support":67},"4":{"precision":0.921875,"recall":0.8428571428571429,"f1-score":0.880597014925373,"support":70},"5":{"precision":0.8833333333333333,"recall":0.9137931034482759,"f1-score":0.8983050847457628,"support":58},"accuracy":0.9131313131313131,"macro avg":{"precision":0.9105472417840375,"recall":0.909602542339416,"f1-score":0.9094235266583417,"support":495},"weighted avg":{"precision":0.9135972044387538,"recall":0.9131313131313131,"f1-score":0.9127796524394246,"support":495}},"roc_auc":0.9924558943194453,"loss":0.30872150660465714,"support":495,"weighted_average":{"precision":0.9135972044387538,"recall":0.9131313131313131,"f1-score":0.9127796524394246},"class_names":["password","read","stopread","username","zoom_in","zoom_out"]},"float32":{"confusion_matrix":[[75,4,1,2,2,1],[0,88,5,4,0,0],[1,3,113,0,1,0],[1,0,1,64,1,0],[1,4,0,0,59,6],[3,0,0,1,1,53]],"classification_report":{"0":{"precision":0.9259259259259259,"recall":0.8823529411764706,"f1-score":0.9036144578313252,"support":85},"1":{"precision":0.8888888888888888,"recall":0.9072164948453608,"f1-score":0.8979591836734694,"support":97},"2":{"precision":0.9416666666666667,"recall":0.9576271186440678,"f1-score":0.9495798319327732,"support":118},"3":{"precision":0.9014084507042254,"recall":0.9552238805970149,"f1-score":0.927536231884058,"support":67},"4":{"precision":0.921875,"recall":0.8428571428571429,"f1-score":0.880597014925373,"support":70},"5":{"precision":0.8833333333333333,"recall":0.9137931034482759,"f1-score":0.8983050847457628,"support":58},"accuracy":0.9131313131313131,"macro avg":{"precision":0.9105163775865067,"recall":0.9098451135947222,"f1-score":0.9095986341654604,"support":495},"weighted avg":{"precision":0.9135384689355739,"recall":0.9131313131313131,"f1-score":0.9128244513056943,"support":495}},"roc_auc":0.9931182617861336,"loss":0.2541306840354309,"support":495,"weighted_average":{"precision":0.9135384689355739,"recall":0.9131313131313131,"f1-score":0.9128244513056943},"class_names":["password","read","stopread","username","zoom_in","zoom_out"]}},"test":{"int8":{"confusion_matrix":[[90,0,0,1,0,0],[0,85,0,0,0,0],[0,2,125,0,1,0],[1,0,0,57,0,0],[0,0,0,0,59,2],[4,0,0,0,3,52]],"classification_report":{"0":{"precision":0.9473684210526315,"recall":0.989010989010989,"f1-score":0.967741935483871,"support":91},"1":{"precision":0.9770114942528736,"recall":1,"f1-score":0.9883720930232558,"support":85},"2":{"precision":1,"recall":0.9765625,"f1-score":0.9881422924901185,"support":128},"3":{"precision":0.9827586206896551,"recall":0.9827586206896551,"f1-score":0.9827586206896551,"support":58},"4":{"precision":0.9365079365079365,"recall":0.9672131147540983,"f1-score":0.9516129032258064,"support":61},"5":{"precision":0.9629629629629629,"recall":0.8813559322033898,"f1-score":0.9203539823008849,"support":59},"accuracy":0.970954356846473,"macro avg":{"precision":0.9677682392443433,"recall":0.9661501927763555,"f1-score":0.9664969712022652,"support":482},"weighted avg":{"precision":0.9713657723424951,"recall":0.970954356846473,"f1-score":0.9707627168615572,"support":482}},"roc_auc":0.9988267581280663,"loss":0.10262719642368773,"support":482,"weighted_average":{"precision":0.9713657723424951,"recall":0.970954356846473,"f1-score":0.9707627168615572},"class_names":["password","read","stopread","username","zoom_in","zoom_out"]},"float32":{"confusion_matrix":[[90,0,0,1,0,0],[0,85,0,0,0,0],[1,2,124,0,1,0],[1,0,0,57,0,0],[0,1,0,0,58,2],[4,0,0,0,2,53]],"classification_report":{"0":{"precision":0.9375,"recall":0.989010989010989,"f1-score":0.9625668449197862,"support":91},"1":{"precision":0.9659090909090909,"recall":1,"f1-score":0.9826589595375723,"support":85},"2":{"precision":1,"recall":0.96875,"f1-score":0.9841269841269841,"support":128},"3":{"precision":0.9827586206896551,"recall":0.9827586206896551,"f1-score":0.9827586206896551,"support":58},"4":{"precision":0.9508196721311475,"recall":0.9508196721311475,"f1-score":0.9508196721311475,"support":61},"5":{"precision":0.9636363636363636,"recall":0.8983050847457628,"f1-score":0.9298245614035089,"support":59},"accuracy":0.9688796680497925,"macro avg":{"precision":0.9667706245610429,"recall":0.9649407277629258,"f1-score":0.9654592738014424,"support":482},"weighted avg":{"precision":0.9694384194643532,"recall":0.9688796680497925,"f1-score":0.9687707417831021,"support":482}},"roc_auc":0.9988266639926581,"loss":0.10311521079502455,"support":482,"weighted_average":{"precision":0.9694384194643532,"recall":0.9688796680497925,"f1-score":0.9687707417831021},"class_names":["password","read","stopread","username","zoom_in","zoom_out"]}}}